"ID","Tema","Decisione","Alternative","Razionale","Data","Impatto","RevisioneFutura"
"ADR-001","Frontend Framework","Next.js 15.5.3 con App Router","React SPA, Nuxt.js, Remix","Next.js offre SSR/SSG, ottimizzazioni automatiche, ecosystem maturo, App Router per performance","2024-01-10","ALTO - Architettura frontend completa","2024-07-01 - Valutare Next.js 16"
"ADR-002","Database e Backend","Supabase (PostgreSQL + Auth + Storage)","Firebase, AWS Amplify, Custom Node.js + PostgreSQL","Supabase offre PostgreSQL (SQL), auth integrato, real-time, storage, open-source","2024-01-10","ALTO - Infrastruttura backend completa","2024-12-01 - Valutare migrazione a infrastruttura custom"
"ADR-003","Styling Framework","Tailwind CSS","CSS Modules, Styled Components, Emotion","Tailwind offre utility-first, bundle size ottimizzato, design system consistente, developer experience","2024-01-12","MEDIO - Sistema di styling","2024-06-01 - Valutare design system custom"
"ADR-004","State Management","React Built-in (useState, useContext)","Redux Toolkit, Zustand, Jotai","Per complessità attuale, React built-in è sufficiente, meno boilerplate, performance adeguate","2024-01-12","MEDIO - Gestione stato applicazione","2024-04-01 - Rivalutare se complessità aumenta"
"ADR-005","Authentication Strategy","JWT + Supabase Auth","Auth0, Firebase Auth, Custom JWT","Supabase Auth integrato con database, JWT per API, row-level security, costi contenuti","2024-01-15","ALTO - Sistema di autenticazione","2024-08-01 - Valutare enterprise auth solutions"
"ADR-006","Deployment Platform","Vercel","Netlify, AWS, Railway, DigitalOcean","Vercel ottimizzato per Next.js, edge functions, preview deployments, integrazione GitHub","2024-01-15","ALTO - Infrastruttura deployment","2024-10-01 - Valutare multi-cloud strategy"
"ADR-007","TypeScript Configuration","Strict TypeScript","JavaScript, TypeScript non-strict","TypeScript strict per type safety, migliore DX, catch errori compile-time, documentazione codice","2024-01-18","MEDIO - Qualità codice e DX","2024-06-01 - Valutare configurazioni più avanzate"
"ADR-008","API Design Pattern","RESTful API con Next.js API Routes","GraphQL, tRPC, Separate Node.js API","REST è standard, Next.js API routes integrate, semplicità implementazione, caching HTTP standard","2024-01-18","MEDIO - Architettura API","2024-05-01 - Valutare GraphQL per query complesse"
"ADR-009","Error Handling Strategy","Centralized Error Handling + Logging","Per-component error handling","Error boundary React + middleware API + logging centralizzato per debugging e monitoring","2024-01-20","ALTO - Stabilità e debugging","2024-03-01 - Implementare error tracking (Sentry)"
"ADR-010","Testing Strategy","Jest + React Testing Library + Playwright","Cypress, Vitest, Testing Library only","Jest per unit, RTL per component testing, Playwright per E2E, ecosystem maturo","2024-01-20","ALTO - Qualità e affidabilità","2024-04-01 - Implementare testing strategy completa"
"ADR-011","Code Quality Tools","ESLint + Prettier + Husky","ESLint only, Different formatters","ESLint per linting, Prettier per formatting, Husky per pre-commit hooks, standard industry","2024-01-22","MEDIO - Qualità codice","2024-06-01 - Aggiungere SonarQube per analisi avanzata"
"ADR-012","Caching Strategy","Next.js Built-in + Future Redis","No caching, Only Redis, CDN only","Next.js caching per SSG/ISR, Redis per session/API cache, approccio incrementale","2024-01-22","MEDIO - Performance","2024-03-01 - Implementare Redis layer"
"ADR-013","Monitoring e Observability","Vercel Analytics + Future Sentry/DataDog","Google Analytics only, Custom monitoring","Vercel Analytics integrato, Sentry per error tracking, DataDog per APM, approccio layered","2024-01-25","ALTO - Monitoring produzione","2024-02-15 - Implementare monitoring completo"
"ADR-014","Mobile Strategy","PWA + Future React Native","Native iOS/Android, Flutter, PWA only","PWA per quick-to-market, React Native per native experience, riuso codice e competenze","2024-01-25","ALTO - Strategia mobile","2024-06-01 - Iniziare sviluppo React Native"
"ADR-015","AI/ML Integration","OpenAI API + Custom Models","Google AI, AWS SageMaker, Custom ML pipeline","OpenAI per NLP e predictions, custom models per sport-specific logic, balance costi/performance","2024-01-28","ALTO - Core business logic","2024-04-01 - Valutare custom ML models"
"ADR-016","Data Validation","Zod per runtime validation","Joi, Yup, TypeScript only","Zod per type-safe validation, integrazione TypeScript, runtime safety, schema reusability","2024-01-30","MEDIO - Data integrity","2024-03-01 - Implementare validation completa"
"ADR-017","Internationalization","Next.js i18n + react-intl","i18next, Custom solution","Next.js i18n per routing, react-intl per translations, standard solution, SEO friendly","2024-02-01","MEDIO - Espansione internazionale","2024-10-01 - Implementare per mercati target"
"ADR-018","Performance Monitoring","Core Web Vitals + Lighthouse CI","Custom metrics only","Core Web Vitals per SEO, Lighthouse CI per automated testing, standard Google metrics","2024-02-01","MEDIO - Performance e SEO","2024-03-01 - Implementare monitoring automatizzato"
"ADR-019","Security Strategy","Security Headers + CSP + Input Validation","Basic security only","Multi-layer security: headers, CSP, input validation, rate limiting, audit logging","2024-02-05","CRITICO - Sicurezza applicazione","2024-02-15 - Implementare security audit completo"
"ADR-020","Backup Strategy","Automated Supabase Backup + File Storage","Manual backups only","Backup automatizzati database, file storage, retention policy, disaster recovery plan","2024-02-05","CRITICO - Data protection","2024-02-20 - Implementare backup testing automatizzato"